origin,destination,carrier,flight_number,travel_date,advance_purchase_days,fare_class,base_fare,taxes_fees,total_fare,seats_available,source
DEL,BOM,6E,6E-345,2026-07-08,7,SAVER,4623.45,832.22,5455.67,4,indigo
DEL,BOM,AI,AI-401,2026-07-08,7,ECONOMY,5102.10,918.38,6020.48,7,air_india
DEL,BOM,6E,6E-346,2026-07-08,7,FLEX,5341.20,961.42,6302.62,2,makemytrip
DEL,BOM,6E,6E-347,2026-07-08,7,SUPER_SAVER,4201.80,756.32,4958.12,9,indigo
DEL,BOM,AI,AI-402,2026-07-08,7,ECONOMY,5290.00,952.20,6242.20,5,air_india
DEL,BOM,6E,6E-348,2026-07-08,30,SAVER,3612.34,650.22,4262.56,6,indigo
DEL,BOM,AI,AI-403,2026-07-08,30,ECONOMY,3980.15,716.43,4696.58,8,air_india
DEL,BOM,6E,6E-349,2026-07-08,30,FLEX,4150.00,747.00,4897.00,3,makemytrip
DEL,BOM,AI,AI-404,2026-07-08,30,SUPER_SAVER,3501.20,630.22,4131.42,9,air_india
DEL,BLR,6E,6E-511,2026-07-08,7,SAVER,4320.50,777.69,5098.19,5,indigo
DEL,BLR,AI,AI-551,2026-07-08,7,ECONOMY,4890.20,880.24,5770.44,6,air_india
DEL,BLR,6E,6E-512,2026-07-08,7,FLEX,5012.80,902.30,5915.10,2,makemytrip
DEL,BLR,6E,6E-513,2026-07-08,7,SAVER,4180.30,752.45,4932.75,7,indigo
DEL,BLR,AI,AI-552,2026-07-08,30,ECONOMY,3401.60,612.29,4013.89,9,air_india
DEL,BLR,6E,6E-514,2026-07-08,30,SAVER,3188.50,573.93,3762.43,5,indigo
DEL,BLR,6E,6E-515,2026-07-08,30,FLEX,3450.70,621.13,4071.83,4,makemytrip
BOM,BLR,6E,6E-721,2026-07-08,7,SAVER,3980.40,716.47,4696.87,6,indigo
BOM,BLR,AI,AI-731,2026-07-08,7,ECONOMY,4502.20,810.40,5312.60,4,air_india
BOM,BLR,6E,6E-722,2026-07-08,7,FLEX,4220.10,759.62,4979.72,3,makemytrip
BOM,BLR,AI,AI-732,2026-07-08,7,ECONOMY,4390.80,790.34,5181.14,7,air_india
BOM,BLR,6E,6E-723,2026-07-08,30,SAVER,3102.30,558.41,3660.71,8,indigo
BOM,BLR,AI,AI-733,2026-07-08,30,ECONOMY,3401.70,612.31,4014.01,9,air_india
BOM,BLR,6E,6E-724,2026-07-08,30,FLEX,3280.50,590.49,3870.99,5,makemytrip
DEL,BOM,6E,6E-345,2026-07-09,7,SAVER,4701.20,846.22,5547.42,3,indigo
DEL,BOM,AI,AI-401,2026-07-09,7,ECONOMY,5180.40,932.47,6112.87,6,air_india
DEL,BOM,6E,6E-346,2026-07-09,7,FLEX,5450.10,981.02,6431.12,2,makemytrip
DEL,BOM,6E,6E-348,2026-07-09,30,SAVER,3670.20,660.64,4330.84,7,indigo
DEL,BOM,AI,AI-403,2026-07-09,30,ECONOMY,4050.80,729.14,4779.94,5,air_india
DEL,BLR,6E,6E-511,2026-07-09,7,SAVER,4390.10,790.22,5180.32,4,indigo
DEL,BLR,AI,AI-551,2026-07-09,7,ECONOMY,4960.50,892.89,5853.39,5,air_india
DEL,BLR,6E,6E-514,2026-07-09,30,SAVER,3242.60,583.67,3826.27,6,indigo
DEL,BLR,AI,AI-552,2026-07-09,30,ECONOMY,3480.90,626.56,4107.46,8,air_india
BOM,BLR,6E,6E-721,2026-07-09,7,SAVER,4050.80,729.14,4779.94,4,indigo
BOM,BLR,AI,AI-731,2026-07-09,7,ECONOMY,4580.30,824.45,5404.75,3,air_india
BOM,BLR,6E,6E-723,2026-07-09,30,SAVER,3158.40,568.51,3726.91,7,indigo
BOM,BLR,AI,AI-733,2026-07-09,30,ECONOMY,3470.10,624.62,4094.72,9,air_india
DEL,BOM,6E,6E-345,2026-07-10,7,SAVER,4580.90,824.56,5405.46,5,indigo
DEL,BOM,AI,AI-401,2026-07-10,7,ECONOMY,5050.20,909.04,5959.24,7,air_india
DEL,BOM,6E,6E-348,2026-07-10,30,SAVER,3580.30,644.45,4224.75,6,indigo
DEL,BOM,AI,AI-403,2026-07-10,30,ECONOMY,3920.60,705.71,4626.31,8,air_india
DEL,BLR,6E,6E-511,2026-07-10,7,SAVER,4260.40,766.87,5027.27,4,indigo
DEL,BLR,AI,AI-551,2026-07-10,7,ECONOMY,4820.10,867.62,5687.72,5,air_india
DEL,BLR,6E,6E-514,2026-07-10,30,SAVER,3120.80,561.74,3682.54,7,indigo
BOM,BLR,6E,6E-721,2026-07-10,7,SAVER,3920.50,705.69,4626.19,6,indigo
BOM,BLR,AI,AI-731,2026-07-10,7,ECONOMY,4450.20,801.04,5251.24,4,air_india
BOM,BLR,6E,6E-723,2026-07-10,30,SAVER,3050.40,549.07,3599.47,8,indigo
DEL,BOM,6E,6E-345,2026-07-17,7,SAVER,4820.30,867.65,5687.95,4,indigo
DEL,BOM,AI,AI-401,2026-07-17,7,ECONOMY,5310.80,955.94,6266.74,6,air_india
DEL,BOM,6E,6E-348,2026-07-17,30,SAVER,3760.50,676.89,4437.39,5,indigo
DEL,BOM,AI,AI-403,2026-07-17,30,ECONOMY,4110.20,739.84,4850.04,7,air_india
DEL,BLR,6E,6E-511,2026-07-17,7,SAVER,4510.20,811.84,5322.04,5,indigo
DEL,BLR,AI,AI-551,2026-07-17,7,ECONOMY,5040.40,907.27,5947.67,4,air_india
BOM,BLR,6E,6E-721,2026-07-17,7,SAVER,4180.60,752.51,4933.11,6,indigo
BOM,BLR,AI,AI-731,2026-07-17,7,ECONOMY,4680.90,842.56,5523.46,3,air_india
DEL,BOM,6E,6E-345,2026-08-07,7,SAVER,5120.40,921.67,6042.07,3,indigo
DEL,BOM,AI,AI-401,2026-08-07,7,ECONOMY,5640.20,1015.24,6655.44,5,air_india
DEL,BOM,6E,6E-348,2026-08-07,30,SAVER,3990.30,718.25,4708.55,6,indigo
DEL,BOM,AI,AI-403,2026-08-07,30,ECONOMY,4380.10,788.42,5168.52,8,air_india
DEL,BLR,6E,6E-511,2026-08-07,7,SAVER,4780.50,860.49,5641.00,4,indigo
DEL,BLR,AI,AI-551,2026-08-07,7,ECONOMY,5260.30,946.85,6207.15,5,air_india
BOM,BLR,6E,6E-721,2026-08-07,7,SAVER,4420.80,795.74,5216.54,5,indigo
BOM,BLR,AI,AI-731,2026-08-07,7,ECONOMY,4920.40,885.67,5806.07,4,air_india
DEL,BOM,6E,6E-345,2026-09-07,7,SAVER,5380.10,968.42,6348.52,3,indigo
DEL,BOM,AI,AI-401,2026-09-07,7,ECONOMY,5890.60,1060.31,6950.91,4,air_india
DEL,BOM,6E,6E-348,2026-09-07,30,SAVER,4190.40,754.27,4944.67,5,indigo
DEL,BOM,6E,6E-346,2026-09-07,7,FLEX,5680.20,1022.44,6702.64,2,makemytrip
DEL,BLR,6E,6E-511,2026-09-07,7,SAVER,5010.30,901.85,5912.15,4,indigo
DEL,BLR,AI,AI-551,2026-09-07,7,ECONOMY,5490.80,988.34,6479.14,5,air_india
DEL,BLR,6E,6E-514,2026-09-07,30,SAVER,3890.60,700.31,4590.91,6,indigo
BOM,BLR,6E,6E-721,2026-09-07,7,SAVER,4650.40,837.07,5487.47,5,indigo
BOM,BLR,AI,AI-731,2026-09-07,7,ECONOMY,5150.20,927.04,6077.24,3,air_india
BOM,BLR,6E,6E-723,2026-09-07,30,SAVER,3620.10,651.62,4271.72,7,indigo
DEL,BOM,6E,6E-345,2026-09-17,7,SAVER,5450.80,981.14,6431.94,3,indigo
DEL,BOM,AI,AI-401,2026-09-17,7,ECONOMY,5960.20,1072.84,7033.04,5,air_india
DEL,BOM,6E,6E-346,2026-09-17,7,FLEX,5750.10,1035.02,6785.12,2,makemytrip
DEL,BOM,AI,AI-402,2026-09-17,7,ECONOMY,5840.40,1051.27,6891.67,4,makemytrip
DEL,BOM,6E,6E-348,2026-09-17,30,SAVER,4240.30,763.25,5003.55,6,indigo
DEL,BOM,AI,AI-403,2026-09-17,30,ECONOMY,4650.90,837.16,5488.06,7,air_india
DEL,BLR,6E,6E-511,2026-09-17,7,SAVER,5080.60,914.51,5995.11,4,indigo
DEL,BLR,AI,AI-551,2026-09-17,7,ECONOMY,5560.40,1000.87,6561.27,5,air_india
DEL,BLR,6E,6E-512,2026-09-17,7,FLEX,5280.90,950.56,6231.46,3,makemytrip
DEL,BLR,6E,6E-514,2026-09-17,30,SAVER,3950.20,711.04,4661.24,7,indigo
DEL,BLR,AI,AI-552,2026-09-17,30,ECONOMY,4330.10,779.42,5109.52,8,air_india
BOM,BLR,6E,6E-721,2026-09-17,7,SAVER,4710.80,847.94,5558.74,5,indigo
BOM,BLR,AI,AI-731,2026-09-17,7,ECONOMY,5210.40,937.87,6148.27,3,air_india
BOM,BLR,6E,6E-722,2026-09-17,7,FLEX,4980.20,896.44,5876.64,4,makemytrip
BOM,BLR,AI,AI-732,2026-09-17,7,ECONOMY,5100.60,918.11,6018.71,6,makemytrip
BOM,BLR,6E,6E-723,2026-09-17,30,SAVER,3670.40,660.67,4331.07,8,indigo
BOM,BLR,AI,AI-733,2026-09-17,30,ECONOMY,4020.80,723.74,4744.54,9,air_india
