route,pax_share,pax_count_millions,notes
DEL-BOM,0.1001,11.10,Delhi–Mumbai (bidirectional); highest traffic corridor in India
DEL-BLR,0.0711,7.89,Delhi–Bengaluru; second-busiest domestic corridor
BOM-BLR,0.0609,6.75,Mumbai–Bengaluru; third-busiest domestic corridor
DEL-HYD,0.0467,5.18,Delhi–Hyderabad (bidirectional)
DEL-PNQ,0.0426,4.72,Delhi–Pune (bidirectional)
DEL-CCU,0.0426,4.72,Delhi–Kolkata (bidirectional)
BOM-GOI,0.0365,4.04,Mumbai–Goa (bidirectional)
DEL-AMD,0.0358,3.97,Delhi–Ahmedabad (bidirectional)
DEL-GOI,0.0352,3.91,Delhi–Goa (bidirectional)
BLR-HYD,0.0341,3.78,Bengaluru–Hyderabad (bidirectional)
DEL-MAA,0.0338,3.75,Delhi–Chennai (bidirectional)
BOM-CCU,0.0334,3.71,Mumbai–Kolkata (bidirectional)
BOM-HYD,0.0332,3.68,Mumbai–Hyderabad (bidirectional)
BOM-MAA,0.0322,3.57,Mumbai–Chennai (bidirectional)
BLR-CCU,0.0320,3.55,Bengaluru–Kolkata (bidirectional)
BOM-AMD,0.0299,3.31,Mumbai–Ahmedabad (bidirectional)
BLR-PNQ,0.0275,3.05,Bengaluru–Pune (bidirectional)
DEL-SXR,0.0273,3.03,Delhi–Srinagar (bidirectional)
DEL-PAT,0.0246,2.73,Delhi–Patna (bidirectional)
DEL-GAU,0.0231,2.56,Delhi–Guwahati (bidirectional)
BLR-GOI,0.0230,2.55,Bengaluru–Goa (bidirectional)
BLR-MAA,0.0225,2.49,Bengaluru–Chennai (bidirectional)
HYD-MAA,0.0215,2.38,Hyderabad–Chennai (bidirectional)
BLR-COK,0.0205,2.28,Bengaluru–Kochi (bidirectional)
DEL-LKO,0.0199,2.21,Delhi–Lucknow (bidirectional)
HYD-GOI,0.0192,2.12,Hyderabad–Goa (bidirectional)
BOM-COK,0.0189,2.10,Mumbai–Kochi (bidirectional)
DEL-BBI,0.0176,1.95,Delhi–Bhubaneswar (bidirectional)
DEL-IXB,0.0175,1.94,Delhi–Bagdogra (bidirectional)
BLR-AMD,0.0168,1.87,Bengaluru–Ahmedabad (bidirectional)
